"x","y","class"
0.890822674711727,13.2815407004669,1
4.25716951560448,4.40357294354086,1
2.76028339528776,3.11175644306077,1
2.93440236052295,4.60837228654979,1
3.47665827326966,12.3095813551862,1
0.168032971476765,6.96099139587195,1
1.26514433889176,10.0696477757178,1
5.46415821581588,3.59708513133482,1
3.61068568301586,8.6919151364333,1
0.6570399591139,3.19226053549517,1
3.34418526183171,8.04216894094998,1
3.96420586037545,7.69764493446386,1
-0.468577446880663,16.9248210577578,1
4.88600650620877,4.17531851436633,1
-0.492241596366545,7.15172214389681,1
3.82191995350912,8.3085088746481,1
3.11896025351817,3.32151945873566,1
2.36662663255235,4.86265504891975,1
-0.952199933175213,6.33807656000469,1
-0.538948175168153,8.27365485757663,1
2.01293831230446,15.9419852310673,1
4.24165909071394,1.16632023810982,1
-1.69815174410943,1.64645152314217,1
4.33334497380084,9.00049968998061,1
0.998421103068999,11.4315231550486,1
4.04226363088845,9.60434751321094,1
4.28760386523943,4.89291367269183,1
1.76816841958514,6.82954311011534,1
2.69470652259841,7.45213636042827,1
4.23692738317213,1.87733968001787,1
5.17232670280848,14.1112774708109,1
7.26305054111744,6.2366689584395,1
4.98905948928366,10.3732618821382,1
5.3514556925167,5.33818444262056,1
-0.0457857235764911,9.82965239783215,1
4.50229756924821,5.22296614879414,1
3.354422639657,0.561451016369853,1
0.0945985890598577,4.41644277665206,1
6.51379783733356,-1.90515097847359,1
2.9568914882135,-1.77261059165818,1
1.70933169222574,8.74318326107961,1
7.34126400101652,21.2827485151135,1
1.75779092989797,5.89947255856997,1
3.54819689232865,9.67160856837767,1
-2.84233171300523,4.08433316861696,1
2.53674495482246,11.6763035748475,1
1.64460579671873,-2.44496233397162,1
4.22293485349275,1.55543779298819,1
6.57891557213869,8.73532663696134,1
3.19386626134982,10.2059456356163,1
2.73349199869721,5.08042386316717,1
1.25942011963268,4.55435821685851,1
0.19363495171726,7.78702821304029,1
4.02603592904642,4.1979766716228,1
2.08326760736097,3.58535940821625,1
1.96945445314037,7.00217208064192,1
4.20291300526082,3.6232404742535,1
2.57037196368459,8.0487193757672,1
1.2939849151515,2.50498866637104,1
2.78324243763341,13.3223937300341,1
2.29642278490763,11.6955381983505,1
3.22915536005842,7.81430896689676,1
3.67484190645452,2.76151815478668,1
4.04340455076715,7.11306431857327,1
-0.387765280682764,4.59908916731852,1
1.21776500861081,11.5796719604429,1
6.31574983198795,10.1488265452402,1
5.47136549868883,2.49786886672828,1
2.87997216290477,0.554623037970939,1
-0.868146794772973,4.43732516298811,1
1.93720666431252,5.82019614847617,1
2.6807003096874,-1.9492766139427,1
6.21934325301634,5.88380158170942,1
1.54596508825488,7.94855999142307,1
3.18676132389411,7.3949156110046,1
6.42060722181953,7.42447976375702,1
-0.346332620944056,8.16915968031995,1
3.820961207585,4.27202992241612,1
1.1732440538025,8.62830238526889,1
3.2620035799198,3.88281358078941,1
1.4285930876309,8.43980777334455,1
0.437830586921989,10.7697894722681,1
-3.38082425171124,2.15967383841466,1
2.96442429024329,1.91978060636842,1
4.27424538289072,2.86507114015186,1
2.05582113960557,3.94120570626352,1
3.45757770171256,15.3555768876306,1
3.56764692290279,2.27591878294451,1
-0.894976197427778,4.84944192846685,1
0.368994435771813,3.85503096911501,1
1.20861997916425,5.91459613893304,1
3.32378550526063,15.2233295322169,1
2.29090673253752,0.69448645755645,1
6.09619981799929,4.78274886632764,1
6.59778054526662,5.61906072475602,1
2.30205165709972,10.2062358137795,1
6.58120570162983,6.58348029606081,1
4.79747924506651,-1.97012098115138,1
6.7038982294319,3.60632816656496,1
1.01967167406077,7.61105890470632,1
2.9884027403437,12.1109132266677,1
1.13642574976393,-0.614189069324746,1
3.63366379275232,6.52023661770394,1
3.87506354122088,4.61002617912121,1
4.74830513066567,12.5050993746667,1
5.14330597927116,4.22964349992208,1
5.13303706063389,5.37350989515953,1
1.62710786693963,11.1071497675736,1
5.01934632261953,7.69141677054728,1
4.68548801695565,10.0662143770154,1
8.04760227365599,8.58608503656587,1
3.86262776214792,5.0303681279629,1
2.93309996356554,10.8060942342368,1
0.963474883703059,3.33615497640466,1
8.65614184182212,9.49114253379425,1
3.99055863523671,0.675149773689361,1
3.46809557931957,8.06917837272985,1
6.33987934943731,0.998785548506439,1
3.65509908233198,8.24221687488263,1
0.962004426307645,8.98712218151093,1
6.42071407619404,-0.525362039844618,1
-1.04376026137629,4.05917970361442,1
3.19782037615182,1.39888618255161,1
5.76813570855798,7.17896254383066,1
2.6299914160778,6.4115045572181,1
5.69148579369054,0.694189512503127,1
5.30488686955133,8.9783362875371,1
6.47472805235608,13.2190527284991,1
2.82328303691345,6.49009706570907,1
0.957080876913132,13.7871227160947,1
1.0394629203379,14.3469473109525,1
4.94199623217349,11.697082678775,1
5.99612734256349,6.20225649733492,1
0.799130286195917,2.94157034605023,1
4.06101829786435,-1.32993640042491,1
0.769214303974682,5.22274667047559,1
3.2035289319236,4.5565899551288,1
3.9418364815013,9.63684716256676,1
6.10816685276111,7.06333483128493,1
1.81069149056847,9.47020965776458,1
2.08868357137138,4.90637861127114,1
2.0155946314545,2.6794156334849,1
7.39070587383937,12.057638004096,1
3.55262154531682,11.3509689953653,1
5.66313751579476,12.422739763436,1
6.0628622640678,1.10280515755322,1
0.125093383473378,8.42274615043487,1
4.71908343271972,0.415240522663933,1
2.53241040140671,7.164209032147,1
1.21723619323859,7.78219884889327,1
4.67084584867441,0.56549986643667,1
1.01989716473376,6.9115216239041,1
5.12905271568386,3.82301413050922,1
2.14416135196497,1.76401016443288,1
7.97529027935713,1.28149680907229,1
0.970990829857396,5.47653295245298,1
2.62388466347919,6.02908456328958,1
8.09050801541926,6.56139365311544,1
-0.301000469336218,5.71616799146328,1
4.47593451393229,6.24390508691795,1
0.551544763310551,1.46880034435578,1
2.49836421414771,6.70619112045674,1
5.46175347123854,2.99828133680426,1
1.19798524599014,10.8684647835468,1
3.81988371258107,7.88237186949108,1
2.91963289867552,-1.29717331683675,1
2.50579001972173,8.60408024982702,1
2.80508545085422,7.27219940981912,1
4.10341508368185,7.99921824440119,1
6.89633737527052,3.5947936074395,1
2.38809119069765,8.30128794975513,1
0.690916245973976,8.81571710852138,1
3.40437925883127,11.0070044045503,1
1.75720924545019,5.90158377196602,1
0.285965776133561,6.19073772519552,1
-0.299805796484847,9.3738557424436,1
9.88101569861157,9.89610321233769,1
3.39205115303829,19.675091051155,1
3.38957162981357,7.24743312027318,1
3.79987625863101,0.583142857364229,1
4.23225914984509,7.91471845055653,1
0.0362050061767909,-0.578461618537472,1
6.84508919896872,5.15523418587786,1
4.25350466637264,12.3502436895488,1
1.15850100154836,6.39190859365875,1
2.84268132240611,2.84600598703161,1
2.38242733104082,4.34287049056454,1
-0.4688200873253,7.34621850109034,1
4.09413431648601,12.3372055914547,1
4.59951689747022,7.0228319809526,1
4.51399079752156,14.1465781138152,1
3.94595293859564,4.5057838482946,1
0.262090113979336,10.8481247372624,1
-0.329617309244161,4.35035981961087,1
0.966270050847477,6.2008549733558,1
3.72372000949403,4.96925140241055,1
2.5922443582224,10.4434471249309,1
7.5597156239565,7.5176742287499,1
-2.04797036564502,9.88234418644486,1
0.853272772773933,5.72411336426855,1
3.3136640429962,10.3559556923221,1
2.27168578997522,-4.30958982689481,1
-1.15788546990625,6.53608755419299,1
0.758176608296862,-0.55385672389463,1
2.93900695540321,8.14975687319382,1
2.76726037276365,9.53437778877931,1
3.2137747824191,0.863434920891866,1
4.28541026861683,6.78726227101385,1
3.16383448574064,1.96134986755222,1
6.86196739225653,-2.41581519247252,1
1.09185661989997,11.3258466055293,1
1.78464829771383,8.89898386685102,1
1.53783979272041,10.1807261373591,1
3.66777493246341,5.09036376884991,1
8.16508674049466,10.2496280651831,1
0.974686783967558,5.0318770486049,1
2.10074630430078,7.02264653028691,1
3.44537755887354,5.52242577828967,1
4.90281465863215,9.79292769104757,1
6.16044964344132,6.05399185629373,1
3.88589260018389,5.44395477806378,1
5.84714909677924,6.70263358652584,1
0.786697486236284,5.76177441726076,1
1.13266181366308,0.887791797543939,1
3.87198538152463,9.83437993762322,1
-1.54608316260708,6.5655521961786,1
0.502658846133571,4.20414210213074,1
3.61549705948178,13.3624421623687,1
3.67195651719871,-0.37794154578261,1
3.00791985710124,4.6301527079324,1
1.9032078167061,7.72245149700582,1
4.4925509469312,3.37784246266813,1
1.07758180902291,6.26634273668998,1
3.65590727079705,2.74671796029059,1
2.80827008243609,7.48639826268874,1
0.334799042713273,-0.26990272367708,1
6.13873624325177,0.0227916775656656,1
2.73217147920015,6.62766304634314,1
3.79168667146928,4.23187017276101,1
2.83625154274981,9.57399840099178,1
3.63621333151406,11.1867248617615,1
5.36426859598327,12.111457986479,1
2.01747225360284,8.21563891454532,1
0.958479123752712,-0.341829818723006,1
1.59972246769661,5.84520761877932,1
3.58260910417962,6.89577189113605,1
5.20253449215045,7.23204408481759,1
0.0904889532579571,6.8606815939132,1
5.82256887069435,3.34075415999779,1
1.28840052289563,4.8352983984233,1
1.27222608720399,0.775655022901599,1
6.22735197567264,7.5043390834276,1
7.47632729279366,5.05535493789542,1
1.38240209182195,6.63311194476457,1
2.03954080053515,4.35485580862747,1
2.86627665580435,7.54190696422209,1
7.42132398979209,3.94358833109761,1
2.87770772175936,10.9468672629572,1
4.57553407609268,1.07755043121199,1
0.031421573730309,11.6756340014947,1
-1.16734363153169,11.8502095497903,1
2.00528192533196,9.51179621857575,1
-1.23048946660478,-0.701076931954559,1
3.42231400399628,9.76667022262464,1
2.32808262531664,11.2456656552075,1
1.4050829715485,8.61144541850101,1
1.36936693826762,10.0417800413665,1
4.14041952655765,8.84903787578353,1
2.59162636062591,9.26380671511624,1
4.96827643352216,12.0908186530233,1
0.620111088119214,4.32571604399881,1
-0.386075877028656,1.04581969630526,1
1.34696266580791,5.24473187591787,1
3.67686183875226,4.17381180845908,1
3.95103664794842,7.4499901750301,1
3.31263364216967,7.0595059443213,1
3.21149446888264,12.2147328961995,1
1.38174160699415,9.65276030269518,1
6.3625459942125,3.60984041960602,1
2.84845829631108,-0.984968332793191,1
2.68075715726221,3.35309441260667,1
3.22905331417237,11.245678739651,1
6.30098553400702,13.6613627793696,1
2.92812080850879,2.58504571482357,1
5.56351927893408,6.63396532695842,1
2.72000572745922,13.3400832084598,1
2.43383318901858,5.44317892775548,1
6.33242158490008,7.27398861851893,1
0.814975022893955,4.56923038086769,1
3.56348345674964,2.07997401063143,1
6.3460285133554,-1.89409509253641,1
6.71554596705986,11.3493976000961,1
1.33164750885986,6.34224091727717,1
0.524381283493625,-2.30557308101098,1
2.49100576219276,7.69662900945272,1
6.63703654327318,5.65936295265329,1
-0.239548738562013,1.17985234384955,1
0.728246461624259,4.47523228655706,1
3.37573208856003,0.985330288053373,1
2.53871837631743,10.9834512638283,1
1.42956134090879,9.95434972440467,1
1.02171381968742,2.05756283618499,1
0.630068378933133,9.5755175519389,1
3.24026736972682,11.0814085625667,1
1.23947078319128,7.49241490507663,1
2.33626425745219,8.00296545377462,1
2.99841112739241,6.33568925528118,1
5.70939347964362,8.78101563749811,1
4.09199894295366,4.96134973148134,1
5.18525499824765,-0.69462713598678,1
3.48001767773101,4.07682779007178,1
1.08633416320681,8.78543334582131,1
2.38594778677209,5.87561510077531,1
4.80255814104607,6.23173443430074,1
1.56305672518386,10.2163824392647,1
1.86091227011349,9.0285339359385,1
4.3516655675406,-1.54716119783243,1
8.69159313896942,6.05490644068352,1
3.89638257246965,7.63831306072907,1
3.71102827909034,8.02395271657601,1
6.41649989275263,2.30619334076964,1
3.8672903150746,5.60904623110078,1
2.58144257557437,14.326283523593,1
4.84328147809148,-5.13782030449339,1
-0.294696453805156,4.40492919926658,1
0.868062197077671,2.86219558134569,1
2.58349688000413,12.9218902547725,1
0.995472136525674,9.02781659725334,1
0.924721564643892,5.02508835843997,1
1.73984885518403,8.04615486997202,1
4.51915574085552,6.71569773711967,1
3.30756525931462,1.97599109914623,1
2.48103828472177,6.1107457717658,1
3.98635556534811,2.2328443307542,1
3.58196697180035,5.76613085547757,1
0.898200169856914,9.40141117968391,1
8.24395505883251,-3.03529417245326,1
5.29332590210062,13.2020258642922,1
0.871018896773216,3.15102911818148,1
0.330613199879344,6.53233122081803,1
4.03556842548197,8.6731142309672,1
1.45584564655061,4.02090983932524,1
3.93373743888574,9.23757943062644,1
1.31493776505199,13.1477913643272,1
3.76647042100196,1.63769187980552,1
6.42345395954446,3.83170248510667,1
-0.564155811455361,5.68328361638593,1
-0.984905882772747,-1.98204962146938,1
-0.176606151605804,13.217666920421,1
0.316638077213681,-0.0929868743853142,1
5.88717919460137,-0.239527886613972,1
-0.391898065483636,-6.16641937466062,1
3.53930117235499,1.68491615867359,1
1.32924811678917,2.83841328423104,1
-1.42074890201378,14.018037990566,1
2.67113168132531,8.78590366033061,1
0.462982174588922,7.27190741502891,1
2.97112871259603,4.99249234033467,1
7.69279982514208,3.55734790402435,1
7.69403687046658,6.42260419193848,1
1.1070993559871,10.9378425249562,1
3.70470993418305,11.8041798997186,1
1.92990011709914,6.16584792643174,1
3.38758460352495,12.1569270999886,1
-0.0187978299684803,0.469289388431083,1
3.39933921556994,1.66935961009713,1
4.24480178737067,6.20486435375609,1
-1.12104761988413,8.85842903735295,1
1.5971385948806,-0.166191080134746,1
5.0104604549883,-0.0466026895814595,1
3.36721297292496,3.71092153248849,1
1.96143966378387,5.00469548769746,1
1.2647691081038,9.76013657456086,1
4.35284299636034,2.37160345447491,1
5.84738926575101,5.6753792948754,1
4.6535115654599,5.97467734338423,1
0.20651158967241,9.14313504945786,1
4.92029407841686,-4.8311999221893,1
3.56783840903092,-2.66658985146244,1
2.81230919502097,7.09689696247556,1
3.49305114633705,4.00254108702208,1
4.55484748110678,1.57491843503524,1
3.84604403411942,7.75979147715139,1
-1.32676559099344,19.2039724258439,1
4.25328745847538,3.12216707165074,1
4.95746105297659,12.9417021436621,1
0.101258245359718,6.36537552031516,1
2.15796303195631,11.348438587635,1
4.29166645140666,15.0725919627568,1
2.07201650907583,6.33928598036692,1
3.20174205721917,8.24596413940231,1
2.25671888983386,10.1445476259956,1
5.32620772346028,2.4912795398001,1
3.10714608599942,2.7352880285375,1
2.01563577527563,12.4174228501643,1
4.500515508418,4.69604395090468,1
4.66382722272811,13.8995346673912,1
0.215411459679002,2.89414016801391,1
2.50640823138626,2.54078426730636,1
1.80450234849587,2.61824538269486,1
7.2305230682155,-6.01878827728182,1
5.51049761703145,9.88380773166534,1
6.12457284052737,5.76635216412837,1
2.4182656501071,5.86020984771729,1
-0.944088781011913,-0.762165593373688,1
9.60570991421114,7.60662372261978,1
2.74040914057039,16.4518680858232,1
3.42048479185164,2.92866417876578,1
0.900955084687512,6.91133506319973,1
3.83785705458316,2.38160847231695,1
2.52227170730948,1.43933126336227,1
-0.754933842977755,10.8135521496324,1
5.05360860744439,0.526044424849447,1
3.30590249396868,5.19183705726484,1
5.08895995703451,-0.477796896341227,1
2.62315263055318,8.96399434913084,1
-0.837693295337288,10.5741833449647,1
2.17916968444725,7.89071908031839,1
5.50684254986974,7.5258760199001,1
2.65780314438679,2.01949925200491,1
3.98321061017316,-1.38647307981064,1
3.6189741166355,5.30612486312661,1
1.76729760978654,11.7511497009915,1
-0.879206395630147,3.68011103391091,1
2.35327059940759,13.3013342608942,1
3.96260915270091,8.39412002044572,1
2.52409431370891,9.18484636030295,1
3.00380665031854,7.05571624390066,1
1.38840318569608,-4.22774181815616,1
7.84383306749065,0.511321682745,1
5.96871326461614,2.35837773848192,1
4.88665012372657,8.16770588417767,1
2.01831547586456,5.06423634554645,1
5.5121693703905,-0.231797797008521,1
3.77858058896776,7.56839309072836,1
2.5473495512371,4.1475026748819,1
2.91971432726382,11.635790372328,1
3.53926324341999,-1.33192907746487,1
6.05447191895566,3.83418081087877,1
1.99167838760494,11.6011973215732,1
1.98227434862912,4.17659830495695,1
2.70316821314098,0.620653765305834,1
5.40789228154847,6.01605941602318,1
2.0282946608443,6.36088581462864,1
4.10788736862056,-4.3167296238411,1
0.394387798184962,9.57098428361418,1
2.37653028921257,13.074365697997,1
5.40286932159355,2.10818848345218,1
2.98751238635096,5.68456740371207,1
4.06712371555747,0.989161656278016,1
2.80403842284609,5.65572300017824,1
6.60334981048682,1.42995321419601,1
0.660619191443078,5.91497050372513,1
4.60321875939105,3.424557037777,1
1.7961864987171,18.0645466991165,1
7.5642742603722,3.38786824275052,1
3.88916030857011,12.4856741007012,1
1.94916187191239,8.00503594295457,1
5.70138707896947,7.29042653129043,1
6.63391840893515,-1.9104708510237,1
5.13127485788715,2.72719890159966,1
3.46460257684384,1.84374050189499,1
8.38808180357762,12.9754732361904,1
4.47323776475727,9.89923152228616,1
4.95947485114201,7.84471534308225,1
3.07469664086247,2.35301956383161,1
4.06271522550669,6.38041422605075,1
2.23849734956178,9.0439814219794,1
3.47365542977816,8.36586443031187,1
2.25159635219033,1.42301889055059,1
1.55077736629337,8.76807874070221,1
5.30915527650886,10.9784680603159,1
5.91465469285334,3.46043490410107,1
4.48074074278146,10.1037712450059,1
2.82491963777804,2.01032704878656,1
1.52249746975512,3.76586223600278,1
4.41856775368893,5.93518184526575,1
3.03296324158346,4.13148546682915,1
-0.944595390301112,9.7208708857085,1
3.78236745987833,12.9588674295169,1
0.728823257181329,8.76324646572996,1
4.4749716362736,6.19005345439927,1
-0.894454421886461,8.76662907647686,1
6.51958446061267,-0.696198239768796,1
4.04119606969266,8.54237566610752,1
2.07312477714111,9.27370071549974,1
2.31270947493534,-0.00533308764254237,1
3.14944834600981,8.29616111773002,1
0.670022466558683,4.85126508250979,1
3.64376751104092,4.49360257832324,1
2.51355352888477,9.35656979268272,1
0.80441252415452,7.27447451032397,1
4.38512809857263,5.76692636871414,1
7.94998275241651,6.78588009546024,1
-2.29796068765765,8.70336640470586,1
1.92394164158007,5.12813226079959,1
3.67288790320966,0.273243966351163,1
2.9718273668408,5.45975487718897,1
4.65952295147347,12.3001137152169,1
4.57444987509585,1.95002652690612,1
7.89280509790295,2.86248932112271,1
3.77528384522869,11.4558730505279,1
5.65372161849929,2.95778938804631,1
6.8846381867959,1.3338335562914,1
6.30846603957034,8.74609871063247,1
3.47003351086659,6.05160332186234,1
5.5182644205007,-1.50103317369879,1
1.94906953701826,4.3537488947838,1
3.70894522810157,4.0760028797671,1
2.57404190148076,6.407092480864,1
2.69468614257053,2.99349239000373,1
2.86990388001054,4.41330035862715,1
4.28163471079951,8.83633289157569,1
1.24856179155922,7.00936244225214,1
2.42630095709182,8.85607356829854,1
5.05249584242801,0.764157670908489,1
7.52621416846413,2.5228326429108,1
4.03713175471863,4.24055753348625,1
4.63718359683522,6.49228077549505,1
1.28660459402439,7.54535487679852,1
3.35453936487159,3.01464810966028,1
5.44684900519731,12.8916914460385,1
2.16749507951548,4.54906415966653,1
3.43225422585572,2.62103571666958,1
3.865010884725,7.18304321015317,1
1.1947343616256,6.41306914153365,1
1.95265461041025,4.10670945156446,1
-1.0249516199909,5.51248709455878,1
0.500902377765854,7.50651361959978,1
1.50419748032097,3.54041303257798,1
0.463411893492362,8.47251255717642,1
-2.17166461488278,2.74925123391307,1
4.78081375989881,13.6246197269521,1
2.93034236715962,-2.8528191331872,1
3.23561442849093,1.47160835096207,1
0.725786341450926,7.69928079542605,1
3.36291253701701,13.669286829331,1
6.47670199525368,12.86881986952,1
2.44889556998978,4.04481298048828,1
5.79192339998237,10.5388790675202,1
3.58430994735591,2.8211440458946,1
3.68963083263549,4.71619693833121,1
5.41273750084964,10.1673479131927,1
3.3331047835638,5.66501810479272,1
1.04459721087219,2.116174636656,1
1.80593859812163,4.67957578403512,1
3.47033780139216,9.61863016547083,1
1.72265202719793,-0.410271224934781,1
2.13760190695615,7.28189962294866,1
3.64502134609014,3.52969322561515,1
0.323304774487704,0.630176812467375,1
3.89136859206839,4.56522521056382,1
2.67364379208423,3.1404960223398,1
3.69280587908954,7.05958826934082,1
4.71199028978162,1.19736184972387,1
-0.77575142153064,8.83555013690833,1
2.53966618977193,-1.86951021051004,1
5.14613893245122,14.8919901341111,1
4.46308965728569,3.70617360288659,1
1.13753396529395,6.70192397447416,1
2.65996344445885,1.53518493439049,1
-0.329588408450986,10.8653278177136,1
5.38778254694959,5.09540480959083,1
3.15406211793891,6.0510661611966,1
0.333240330882763,0.191254946048858,1
4.16271028058398,8.91871311918217,1
3.45556055387221,6.99294927077531,1
3.1438543791974,12.9176422693044,1
9.32171323386507,9.63749516183028,1
3.31868504642773,3.28278040041342,1
2.28518725895626,9.55049242790151,1
4.16090908398894,2.57040459601981,1
-1.35216744678161,4.90023103349571,1
4.36652888256066,15.3753305016494,1
6.06414140042633,6.87200404802685,1
2.18612790100163,10.2624215084066,1
2.96865404345371,4.21444134845668,1
6.71480670651654,3.71559107181535,1
7.00801919807795,7.85632109609003,1
3.2934767672383,5.32974738473667,1
1.59879409930363,7.41658727645304,1
0.514602538605081,6.04004636856615,1
2.48261137378723,13.242926438103,1
5.93797144463391,0.324836470085827,1
2.12843458196779,10.6253965286092,1
5.2171741174129,9.69329777848314,1
5.79367985803058,7.65020503071247,1
3.97810398215597,8.33289682656846,1
6.20690405826069,6.88344699839457,1
6.54643454991877,11.5339938228966,1
5.58902158307614,8.03414083116982,1
-1.54927517937711,1.80718873418787,1
1.0075944102461,0.746482404425278,1
6.51456570397734,4.63709969015443,1
0.482087060853968,7.08651901527502,1
7.49589928396734,1.80044715944744,1
5.59511069338577,3.13233803994763,1
1.40685193188465,7.38182762151198,1
6.19657176040391,-1.31760738685926,1
3.85327657996795,10.6984160227023,1
4.82414335657844,6.38878814524549,1
5.00070768744845,6.09767565695392,1
0.0847842163454566,1.74125277290174,1
5.15720138960719,8.98447283537679,1
5.05381359180908,4.99996257130661,1
4.26386002432149,6.27538859014236,1
4.45402147570259,3.90984179238371,1
2.22894638093444,5.20285195551097,1
3.17982253821811,6.62310447453413,1
8.24944515956278,4.67102207205384,1
1.960514795516,6.56766413219695,1
0.25117778013011,5.34078864816896,1
5.79296135274751,2.54843579449264,1
4.60132876700995,8.71218013013572,1
0.204852396951515,11.5198678003145,1
4.54753087053259,7.14058719007507,1
2.46040471469543,11.6053361685968,1
2.40334753313959,4.51095512890655,1
4.60878511394571,2.10190122879199,1
6.3422849833829,5.82144380493871,1
1.74049085433742,7.07659564538463,1
7.30454949107267,3.68540092583797,1
3.75063682420806,2.41215903117627,1
2.19737469927681,0.168278016876256,1
4.00762580969283,2.55996304212191,1
5.47519037503049,6.96220164882868,1
2.88507821096395,10.7113117550108,1
4.04252591737704,4.98699170672964,1
0.537064396177098,7.6696352856327,1
3.22454803348469,4.76838755282029,1
5.81712508276262,7.99137429159811,1
-0.345246487095587,4.85574656815318,1
2.93948254893937,3.65022625246731,1
1.92798133341353,8.54704889727403,1
2.48222813832256,10.2974901855918,1
2.26109012597799,2.69811595370164,1
1.36349568112202,2.26685408374253,1
-1.2028964818087,14.5909632679644,1
1.97102069615278,7.34406189559768,1
6.38406146361969,0.235877619497077,1
1.36645876219079,13.4519406765184,1
5.4398153887836,5.92708659770249,1
2.9726862921865,12.8562048681596,1
4.5070301285819,-5.0070307028469,1
1.604158726214,7.70481445280682,1
2.60823328815434,10.2683800460336,1
0.471258726582489,10.748653049662,1
5.12890229115682,5.08072904188219,1
-0.0712091783708027,4.56524705323595,1
1.95915929502206,7.14271462193068,1
3.85382615882805,10.5663114309655,1
2.68119331642013,9.74937147651729,1
3.08897486331733,2.64044359481829,1
4.05519260891832,2.51157510420383,1
1.08165276739172,13.5415772251119,1
3.68907322467048,7.24422732188349,1
2.97061970834098,4.80340663851377,1
2.98228497608144,10.680827463898,1
4.19331888179102,10.2028810483446,1
-2.93625399639874,3.13119635241386,1
2.30534324570519,9.04578100777094,1
-1.100185074371,8.08794102329837,1
3.11858488584174,3.21925245916808,1
0.734851103646582,13.1559777278607,1
2.93205775181396,9.16704875037664,1
5.60801742850817,1.82564001845102,1
0.190560814323304,-3.24969861337285,1
3.91594079918325,1.14021189000359,1
6.14992598560252,4.62984603679157,1
-0.790117326620841,14.8264727686449,1
2.75287920375978,4.60314459660447,1
5.95615889738365,2.56149052856707,1
4.19750206667354,9.43287669533916,1
5.54978838505039,1.62342603594185,1
2.66849556686461,5.60698703832048,1
4.30676001275571,-4.76757205576552,1
4.84106017327171,1.15797185872764,1
2.95668824401166,4.17049721481514,1
2.74999741822003,1.16212239428129,1
1.88614024533875,3.67937887273349,1
1.51736357692589,5.40833796783584,1
4.64466946208623,-0.579320543374059,1
5.47373366950501,3.94468715752728,1
3.15260256730991,4.77049111191149,1
5.21988890775603,8.06233320708269,1
2.12910842541941,8.96995418591554,1
5.00423564314401,5.55229590896524,1
2.27421397056821,13.9946841546626,1
0.413817061409233,0.732585482892056,1
3.08044297996622,13.1472404296817,1
1.11018824356944,4.13371364822238,1
3.00895758109115,3.16030765405439,1
3.93015369056938,-0.739408219417922,1
-1.56683946020042,10.907180033644,1
0.257309540612693,6.50277875167383,1
4.35084319981879,8.33649369702521,1
5.30976730882347,2.14946519568974,1
1.84202119146736,16.4005838709176,1
2.0340734629392,11.4611714010295,1
4.76840536914976,6.51688275835076,1
3.79482775883507,11.2700238437481,1
2.07967220430413,8.97255027955613,1
6.64460893889019,9.02202004383198,1
9.29284475745333,7.8936005245094,1
5.09694448023299,-2.38679782264069,1
5.8830010746155,3.44326254173962,1
5.97805100847769,15.3255958296463,1
11.666494130055,4.97155293399341,1
2.23518838183292,6.83487474390712,1
7.16924566603453,13.8680850353393,1
2.13204034987841,9.40955604272039,1
0.422224535743895,1.22460246133978,1
6.22006151202046,8.92819306537287,1
5.66436811076369,-4.04896409427867,1
2.15550936003193,5.76959381281891,1
3.42878174090696,6.20416297521923,1
0.252748512819801,2.14389097140683,1
3.00919407470754,3.41084526347539,1
1.39643494643268,7.96473581408888,1
2.03538464770414,5.89078572800243,1
5.82600312440793,2.30074711647089,1
4.57864629683681,10.8594769563628,1
3.01490996624589,8.70961005306797,1
3.33327302813294,9.61100353338715,1
3.88310029626043,0.641846750827626,1
3.14675676900226,5.28775270309128,1
0.409808578333676,4.60301863757157,1
0.229387666162734,4.96333153624439,1
3.67132664248945,5.24540956460352,1
2.41594812463479,-2.72705959019642,1
7.86251818195252,4.89809764435852,1
0.887983697965506,5.75959356194535,1
5.86333765499534,7.07766157724921,1
3.64324287052369,5.06998185096526,1
0.518764428417708,6.61106821427885,1
1.76552613131999,12.0753609153508,1
0.520010274842988,7.42120741356559,1
5.45073562818021,12.9716345545854,1
1.87136176089907,8.84279177830396,1
2.19721734733611,18.8571709713806,1
2.05575575790337,-1.52790450872611,1
3.43796410579468,14.1835921635499,1
2.59342278402667,6.14935900167622,1
-0.444777578334138,1.57907478431892,1
0.657341739639572,-2.48248249606283,1
4.16512810777811,5.78831336710833,1
3.45161869323749,4.37226868637751,1
2.37150701114163,4.87133669309165,1
4.06152266618125,4.19339878310093,1
4.84959322075399,-1.53125296721203,1
3.77523132399594,5.13122205320128,1
5.89724121821868,7.21084986272044,1
6.53964598389016,2.06878043622138,1
1.47625743045353,7.32406353894266,1
3.40074116397454,5.57083722277108,1
2.90682575837282,9.3848754859328,1
0.700047128046273,4.00394270114084,1
5.31935339817202,7.85451260649482,1
3.50039433076783,5.80320886373841,1
5.12989642593982,15.6020490662128,1
0.0148065538226296,11.3593052015132,1
1.75960078020585,0.385000986757374,1
5.46831722919715,4.92289663429595,1
5.65861690545115,6.15448503870965,1
8.16061127660036,7.87655005565027,1
-4.41836330296813,7.01785699956023,1
4.90112552999493,-1.28696358350871,1
5.47449452069517,3.42994681111751,1
5.1079894410282,-4.90757238843629,1
2.56279234101547,-5.43931120139412,1
4.41904676476625,7.41714077683666,1
3.1655292354766,7.34289658853766,1
6.99318958444808,9.52621476329687,1
7.17865199761082,5.82957528231208,1
5.87595861996263,1.04338216164399,1
2.12836950451545,1.21856350438291,1
3.4195031800128,11.0513885349234,1
5.79834870688095,6.49801797098928,1
0.355251770596636,4.27601589272694,1
4.77995941549968,7.34386011503272,1
2.01273743884534,7.79646875171353,1
3.36155733016201,1.68531475778993,1
0.0315693624712874,1.92157554518526,1
-0.928752587229427,3.65855876854789,1
-1.07188405681882,2.6544657571684,1
-1.01311248682633,0.855753004237953,1
4.01671107329698,3.99933309878122,1
-1.2229392698975,6.00917345553253,1
4.17018887929261,12.0374927936407,1
4.90774334195103,2.33591455666996,1
4.04539512132408,8.14021840063499,1
2.32783128832224,7.21500547505017,1
4.98381511730199,-3.12268717730696,1
6.63174501669557,7.98847196524738,1
1.47911037839141,8.16237423744642,1
3.08505927073334,8.90122556109687,1
5.47824573262437,5.18436447706019,1
1.71328172189553,-4.90367837571145,1
4.30434806218979,1.30849752486554,1
4.64070007527337,6.6141853243281,1
1.59614120374492,6.39893340893471,1
3.92494244325281,13.029009765987,1
3.63358383063275,9.78986130851809,1
-2.92474860410426,6.62464100136095,1
3.67943566435099,11.3171897284614,1
6.78517480346261,7.54538379026388,1
8.55506042369815,8.98377908393689,1
2.64073225381024,5.08374312268309,1
6.08639003035571,-1.07352585532516,1
3.42712796820396,8.32915070427337,1
4.13135501244547,4.98129337035028,1
1.87355798626424,2.83159485450255,1
4.23225483986035,5.58120544122924,1
3.55400740519881,8.48746590614908,1
-1.00363682170718,3.28428987071281,1
-0.896439082546671,0.498595816712586,1
4.36621532078035,18.1278586874889,1
1.63761746538397,6.98206647690206,1
0.3025407248581,7.65485190031868,1
2.10622631744209,0.746905891808425,1
1.54713745513055,7.41072377646702,1
2.96556844735912,6.40993186712694,1
-3.00868077886689,10.3511220659645,1
2.42946301919319,0.120393197597842,1
6.88315165567691,6.12962003634993,1
2.10324062026165,12.3562001562662,1
7.54404340463312,6.5847373955012,1
0.256072008427146,4.42506616380658,1
1.42870048100722,14.6024783306835,1
1.45106200531661,11.929975232633,1
4.28675012962193,10.504385017287,1
3.24439566997257,7.06231317327201,1
1.49071265755236,10.9443139502232,1
1.13110421115981,7.19559200929881,1
1.15406491645042,2.6213259824107,1
5.27863395054419,10.3024007911391,1
5.50094281067881,9.22704034629214,1
2.24615601538153,4.85739790415553,1
-0.766287719784009,8.76916414993558,1
6.71007223003198,10.8844979345019,1
5.89791732507602,11.0440936257501,1
2.61639420561019,6.02710441123602,1
5.34581236190524,6.37820315723964,1
4.61922543997389,9.85164887819013,1
2.92194456721033,-7.20622588399689,1
1.56615837001828,8.2629036170067,1
2.60077203077857,-0.0214172519091838,1
2.88332274557642,3.2493053940518,1
2.47188764527345,-3.24819941388848,1
4.46372611592382,-0.100989073933826,1
3.34138537611275,8.19551491270166,1
0.663726822620273,5.87060612532801,1
4.1648214281494,1.61953469576744,1
2.7900525357958,-0.94688308644786,1
4.63096226575718,12.4487581476656,1
5.12674966999678,1.66957446805353,1
3.51052344626704,0.563700429179845,1
1.75229735940548,9.36315148686892,1
4.63908255397824,3.36093474805726,1
2.89822797813211,8.11722498057168,1
3.43701903973307,2.85808966164218,1
2.66904266671766,0.403573661801403,1
-0.542203081471551,7.9994251811393,1
4.75016991036256,-5.20799276242308,1
5.8727506387719,6.37377550453918,1
5.79849726441274,17.4687758562147,1
2.74263094492545,6.49972297294407,1
1.42798198768253,7.3231851770928,1
1.08977892744836,7.29127136584909,1
1.44186058030681,7.61891770499297,1
4.55576706417309,2.37336113834842,1
3.81997899242455,6.64230699019345,1
1.83126674516778,3.13615278758339,1
0.912667292466727,10.6242001985831,1
3.19867167345034,3.39742282175547,1
5.22578965481651,7.28071445800773,1
3.52084044427728,6.14952264014871,1
3.48638015936947,0.120675890818141,1
4.18879045452499,7.23785353941727,1
3.33895245707587,-1.02011018074695,1
0.169657233264834,-3.11406058637651,1
5.32944378662495,3.4023647576405,1
2.00999789655834,8.2127759625589,1
1.32220064793858,10.00860915988,1
3.89051082917849,4.07003662769885,1
3.49842260429884,0.488184239050558,1
2.47588936206256,16.0030201212503,1
5.21344020827383,4.6353561942175,1
4.73438067323472,9.77626534363817,1
2.70139734514122,3.34427084237618,1
6.82469437640096,1.88990125453886,1
-0.00223214979791386,14.8217901990848,1
-4.233245688413,0.0942100493647535,1
4.36892885635096,8.02812838843036,1
4.41023823636091,13.8633273987282,1
4.74873077101646,2.53474500596871,1
0.482235787944025,5.57519401532586,1
1.90968417764657,8.55863155724242,1
7.44040769020301,7.25729307574,1
6.64202178255639,8.77756608348095,1
2.31113793147606,10.0083501711299,1
2.02705274435472,3.96182717642985,1
3.06656982760386,7.0579011849285,1
4.41921890413242,2.88794012328954,1
1.31713673849304,5.44257812606779,1
5.20739345612756,9.39857079388022,1
2.62726230334269,18.2565954611557,1
3.07842490703562,5.48535345386512,1
-0.97597095086667,4.07224084385292,1
3.68233495308825,2.4203786406298,1
0.0754737313149736,7.44992962062675,1
1.96255888203421,5.17920678552325,1
1.62645144124085,5.80771639362407,1
2.67108754471562,1.45850568408558,1
3.85985298815638,7.40450603841832,1
2.45775700644376,3.294060071773,1
4.06457432241071,3.42086169137608,1
-0.800355737051011,2.41182060579007,1
6.01805482403763,3.03628683697111,1
-0.665669748619279,7.49708002842891,1
3.37173014405121,6.72811516786557,1
2.68153418360123,-0.499708800203592,1
-1.49140066960864,5.33191512834843,1
3.57934246986099,-1.62577723106858,1
1.78638047134682,0.164250401261655,1
0.0536140248774313,0.0115470484946822,1
4.3319544844053,1.59191849013989,1
3.77173275112807,7.91084732506618,1
5.0440577389146,6.70650136374491,1
2.82885133046618,6.23516842728777,1
7.7510521011103,5.0069123683266,1
2.96917138418864,-1.23001415326842,1
3.2934018292494,2.76154323723208,1
2.23387477978505,6.73678385162214,1
7.41912392586891,16.2929604371137,1
2.47236279171923,13.0684204379696,1
3.47503305068323,10.0651422618558,1
3.24155005423877,2.06720562802886,1
6.13485630406766,-0.0392899343138202,1
3.08771076745555,-3.09942864711359,1
1.70560914047684,7.04594911627507,1
2.66569316793733,-0.48502997228219,1
3.31186441259431,4.96999244286878,1
3.14223328553753,5.90047453336469,1
4.41244935625749,7.09744004363427,1
1.12834726207002,5.57240174355367,1
2.35277665241871,8.56853083929472,1
5.42767280450109,4.68717050922469,1
6.53305103359287,3.01155068018973,1
0.706794593135878,6.89995906195505,1
4.79399026637747,-1.05298012871779,1
3.8146624517844,8.01433334449142,1
0.758884037244566,8.81669235576379,1
3.46287128626393,10.603010744785,1
2.5468031242782,5.785564073673,1
1.48451875469754,4.56911264193522,1
4.29438836368339,7.61495182692902,1
4.86255225879188,8.23187119509847,1
2.5124885860429,2.79679953496986,1
1.95304659024216,-1.91489202524257,1
3.79332612292493,9.33624981997109,1
4.67965887368451,4.38555778169576,1
2.07838961863995,-0.936790335251812,1
0.642386216702528,1.05377462546867,1
-1.4101699445456,9.19058176112187,1
1.38785890797349,4.92160129760274,1
3.34316153884063,11.9896365527018,1
3.35354047442196,7.78576890197635,1
2.84356831271499,11.2533456024017,1
3.90516844461737,-1.51686936336971,1
4.61015603090124,10.7872525772271,1
2.78899871999269,4.12905222307293,1
6.74717766077345,6.54557156594045,1
6.09245134303093,1.41430435899481,1
-1.37003865861175,4.57788525013265,1
1.17337456274199,9.40762519914304,1
-3.21934955796027,11.609785189662,1
3.32373615919305,1.46619320189562,1
5.67611376576887,4.34303834057344,1
1.24747633018149,-1.00947620580453,1
3.53010676183542,4.27567795550075,1
2.10945097240609,8.05360227278759,1
-1.75529731255532,1.84993391406112,1
1.99762106979185,-3.80350085111116,1
0.706615026735731,2.09000127993505,1
4.36363953105176,4.0746779173107,1
1.17542352443448,7.47763933958618,1
7.48892039107154,0.618561842800407,1
3.82145850829527,1.9055210651349,1
1.33884881912444,13.1693269954336,1
2.76172629118159,17.9401445462766,1
2.19974543935954,10.3425417412941,1
4.14676150016291,5.17271413256318,1
3.64256003601107,5.48616444818583,1
4.47248496309622,5.3133530728305,1
5.06526556946385,-0.119557704764398,1
1.01939572936953,0.177571633721641,1
4.409476724338,13.7668381833699,1
0.430621292720591,3.36178558465323,1
3.26138632165106,-5.73570509596145,1
-1.225435024805,6.90400465585532,2
4.87949654456827,-0.509155631067489,2
1.38596667998477,-9.65559243877698,2
-1.45004537109192,-0.292162716867128,2
5.24606667331259,-5.67583175333323,2
0.331734297261384,-5.91770191033286,2
-4.43557288729741,-5.66237693441359,2
1.13404212894917,-5.98087534261273,2
1.26390179529048,-4.79753539331376,2
9.419706911815,-6.03331840694351,2
-0.902282548117436,-2.8131093307499,2
-0.759100246516034,0.588047804355151,2
-1.49092482719312,0.779941179128348,2
1.27893177486665,-0.794710676497192,2
-1.39262054921693,-4.32633884469108,2
5.19337085305768,3.57573951095276,2
1.97499439048497,-5.83346575199609,2
7.62141819286269,2.1054774658034,2
6.2537169700249,1.2497951972101,2
5.1340913552399,-10.3732139903603,2
-4.36454649267117,-5.36624401886951,2
3.81470533986862,-2.74074955597692,2
-1.32302436943154,1.83379729450366,2
0.0370805825117206,-2.43119166193932,2
-2.30495038840476,0.216162192290654,2
-3.66048457999097,-1.06692675002684,2
8.08010154256802,-1.34357970665881,2
0.872022430935127,1.47905462634328,2
0.41453447052723,-3.82022094621684,2
1.13587044853294,5.76912813657877,2
-3.6546192320787,-4.92977363483884,2
5.22754588362229,-9.40059150905356,2
4.30008366802037,3.35214035851022,2
1.76929531832322,-2.48649433362128,2
4.28774535707552,-8.37899313179915,2
5.90521924670498,3.83582059466236,2
0.0686112704227879,-5.59512328424677,2
4.38170778881877,-3.04149626441757,2
-1.39056477348102,-5.60930127121224,2
-0.373352081020679,5.69527394723186,2
6.95915991172104,8.03767784806203,2
-3.57926589092475,5.34976459230454,2
1.59336808904902,-5.37669845054038,2
-3.04182837175968,-8.30637714009309,2
2.27521539655166,-1.8096882689151,2
5.86831579637333,-0.953977139621599,2
12.6591965975164,7.10516845277819,2
1.1838839849225,-2.33007403817174,2
4.85735648476849,-1.49988429535408,2
6.41455135652293,-5.38469640662062,2
-1.92419325374548,1.17911439286743,2
-1.18976146883823,-2.10877889803316,2
1.3594897187807,4.3387196030774,2
4.70112467408201,1.96797268640027,2
1.6023433981095,-1.07131114010816,2
0.0616298268591318,3.9132952159677,2
13.2120670984235,-2.2866708066808,2
7.15865530298177,0.00235621739308556,2
-0.272099465467083,-2.68717425527617,2
2.39406751538445,-7.10944623162805,2
-2.56157445406008,-14.5405914843742,2
-0.0542576278466798,3.21573591226537,2
2.29717246044595,0.684968422289555,2
6.49223933859012,-2.29631492472125,2
-1.91106805507842,-3.59005789941394,2
4.47119013742028,-1.16219735194479,2
0.916620492970107,3.97134249026643,2
-5.39381612697436,-0.656028171256814,2
5.16364560406287,4.36289238024198,2
8.23470932606162,-0.217078750337689,2
2.86838770995516,-6.68918815870918,2
5.30763500377031,-0.237804086944712,2
5.97677855686429,4.54717752699074,2
-5.34704880043546,-7.40028648632674,2
8.09161994835099,-3.2150796752161,2
-8.61676565568046,-3.05616305349923,2
7.6475016047361,-3.9486956827819,2
2.05305416361154,3.62021722325886,2
-1.24380939405024,1.11433280872847,2
5.16805395312419,-1.32592566769383,2
0.168279100108788,-3.66293117012429,2
6.80469884874144,-8.36927760742543,2
3.28719631036727,-0.328260960659711,2
2.41083896625809,-2.12280837766039,2
-0.660611950510593,-6.75197543815581,2
-6.97094540563457,-0.0664758946626416,2
6.83916352244731,-6.44876256464112,2
3.60412897654399,-2.29235678782277,2
3.9387208860576,-4.09332041785948,2
0.684007063927898,-1.56206038174186,2
5.98993455856708,-5.57834756651537,2
0.0936547332742186,-9.04335649331295,2
4.94577066097637,-4.49212911494125,2
-1.44256958154895,-10.8269741001928,2
2.24350217690329,-11.2449269554381,2
-1.11991910802963,-10.9600510968971,2
2.72943965888687,-3.0495814812603,2
1.55093705657712,-4.1138882373625,2
4.17666723898609,-2.69888779638609,2
0.592903034322181,-1.42405239862094,2
6.65341230200223,1.5797862891795,2
5.90648500062402,3.73081843842951,2
9.08462995273925,-9.63212684379933,2
5.58108450641695,-1.52650128924805,2
-5.2868186438106,3.90390575703857,2
4.45224584833445,-9.55042647729005,2
1.92963321019896,-0.250854014122103,2
0.423224953079555,2.71118918021456,2
4.49269779053288,-5.83628581533829,2
-0.434654721094132,1.44037332917215,2
4.57271792517156,-7.56680192361447,2
-1.58807315820072,9.33320962243268,2
4.89283120471616,-8.33677038264043,2
8.07875832257853,-0.932705750909848,2
-0.259984357651569,1.96793529552621,2
4.72497924783094,-3.03157773181092,2
5.61233523166083,0.751292115130355,2
-2.10564490800808,5.26252477267137,2
2.48719096805158,0.393458267859366,2
8.63321657818705,1.324949629094,2
-0.118292880496497,-1.04337387626854,2
8.18795350871175,4.93612658541146,2
4.04930676024933,1.32888626351705,2
7.03334557036778,-4.29842526880185,2
-4.26747690699888,-6.91039177271047,2
-0.134521746499513,-1.79078839640163,2
-0.655392844649663,-3.02371091847912,2
1.94192906465857,-0.981936735323319,2
-3.32153290352656,0.623993399662738,2
0.615037640360588,-1.18237886976526,2
-3.88271211555936,0.850111110588747,2
8.56279245565725,4.80898236875366,2
9.43410771594581,1.61048961513507,2
-2.98576861825906,-0.590381482986682,2
6.16816879890665,-0.134101155383752,2
4.96363972548442,-3.9804615169398,2
5.25373104948203,-6.22825571722578,2
3.46281004288795,-3.00991852982683,2
8.53295319345692,3.97522589376429,2
1.87890319327857,5.49177665114125,2
5.52119505637734,3.10063269243753,2
5.94522435564916,-8.23528273194842,2
0.234101855794804,0.701461638021404,2
10.2710292598695,-0.260416545652538,2
2.50661012008788,-7.10033649475755,2
-4.01498241933079,-0.738743554145624,2
7.59274239686419,-1.51146792662951,2
-3.16808623945152,-9.00724335876678,2
-0.808548468452597,-9.45798268190112,2
6.22563984568144,3.14839076906515,2
3.2065211538528,-1.35216378328929,2
-0.502897589468062,4.54825343660913,2
0.80567707708184,-4.6405764018583,2
3.62196571999806,0.119325632239871,2
2.60818241541449,-8.74485233230295,2
6.24525150529052,-2.28691915187051,2
13.5161501778459,-1.01593765501255,2
9.02172200742689,1.56984949970229,2
1.60604286488053,-0.184094349368899,2
-1.24761541675951,-2.67145484753233,2
8.67782394256651,2.20711466031046,2
2.01670945280543,-11.3671191895583,2
-0.762358585231472,6.13547331104854,2
4.14114204652716,-8.37499266515439,2
0.0637913278540982,-0.3990332387488,2
4.50316511622989,1.10693141593326,2
-4.11650953678162,-0.413123305662488,2
5.31920451020996,-7.09646297746633,2
-3.32206394152831,-0.914578416297773,2
-4.08832747002085,-4.78094587177777,2
-1.19558079190443,-12.8097826928873,2
6.41390241335277,4.35986604426537,2
4.36832593548384,-12.3153368096426,2
6.95733376442002,-0.809899273312652,2
1.47272868720063,-4.21190431782078,2
3.73452966164262,-7.06580686482442,2
1.03208334577938,2.55464558454636,2
-6.78924834186178,-1.98257852284406,2
4.14325491069752,1.35996591087099,2
5.36482109973502,-11.2087230216428,2
3.65869111732789,0.520124776276109,2
-0.0507500893257662,-7.0468780743917,2
-1.65264229311256,-4.00726328190148,2
1.80253562189336,-1.08519376174994,2
2.73416668491406,1.01737366501584,2
0.728799048052082,-4.6070897735497,2
0.100806116807949,-8.76990358585004,2
10.4102926614015,-1.42015844710809,2
9.21036413228095,-5.91201419937133,2
8.77041345961449,0.187512633420803,2
-5.29256130818683,-3.38463965309143,2
0.0083815859829719,-0.852652315281658,2
-0.753565964389308,-1.78089696653296,2
3.24538569699925,3.71505441627628,2
8.33417821488989,-1.95277324057585,2
12.4203661119848,1.43503405186566,2
0.0234294833533486,8.76768319573454,2
7.10396845716813,-2.92315638280195,2
2.67978294011256,-4.13909513776049,2
-1.5995984574448,3.86499828966842,2
10.868057457987,-2.49587242667212,2
-4.77243461974539,-10.298336540361,2
4.01245258382398,-2.68491162448859,2
3.80958674450675,-11.6741702888048,2
3.45916662672425,-2.66807797590311,2
3.32262553165099,-2.0457260422644,2
-7.69574795547346,-2.11438678164256,2
6.7862594116595,9.67964728266547,2
6.79586441391049,2.50856868454454,2
3.80680897576177,8.49297072653215,2
9.91237679041323,1.96239856605395,2
5.01020306888034,-4.39247091031025,2
3.530691456532,5.53227181078239,2
3.61789130499278,1.38485876245615,2
5.20551182499319,8.24565661848654,2
4.27878203328773,-4.84981461239869,2
0.00752448141758988,-4.6740245439514,2
5.25402797210284,0.172987305711487,2
-5.72582547413248,6.61769816944057,2
2.1273393882993,1.41498852265305,2
1.00343310247565,-6.51079652288116,2
13.045256052589,1.28482666839369,2
2.00693829036701,1.9741941774722,2
-0.3196578586417,-0.43559482809413,2
3.2427805151814,-1.10908923655862,2
3.26994468787443,4.95638517447695,2
6.69409326214682,-5.97711821460878,2
0.951805676845595,-3.29031382599886,2
2.97384157821651,-4.62659024001819,2
-1.27028701173369,3.61738091501565,2
0.272300800848448,-1.18923318593188,2
9.23518332492369,-1.60216763690076,2
8.26129559581678,-5.24909325562344,2
1.63914721817887,-0.532135414286634,2
-2.29103176291547,1.70576569990112,2
-3.85850809342544,3.81868885628009,2
1.81613150930814,-4.74274611842655,2
-2.94259737170019,-2.87082934977608,2
0.111880577442277,-6.04367908567859,2
-2.12300024026731,3.62083957924482,2
7.03935322827821,-1.47434800393533,2
1.98439021101382,-12.9749769533625,2
4.05779208895357,-9.52793260924389,2
4.23878794828514,-5.1790311656749,2
3.41148861437043,-5.99936157765512,2
1.54147101074014,-6.80838499048266,2
1.85504125299851,-14.0308687394399,2
3.75889254890198,-6.34374802312483,2
2.25932166665631,2.11802903077145,2
0.751060475894899,-6.95290578818932,2
2.49778575211784,-4.85897958513659,2
6.22401490128044,-5.27579822191286,2
7.50261327063282,8.53181592875425,2
5.33460354410794,-5.91440370996628,2
-0.0437054127163621,-6.5131881145877,2
4.17033788207752,1.07984686523755,2
6.45796419727255,1.71105780019717,2
12.2792386956309,-3.1683843803196,2
5.35275200482555,-2.85508027105874,2
-0.484913227327752,8.51873725207021,2
6.84504627706909,-5.00283569987485,2
-5.97675907242028,1.70802515448298,2
3.19083215348905,-2.51333274912372,2
5.75438799569996,-8.22736547985574,2
2.39484970078746,-4.83832776975985,2
8.32162252481222,-5.23054284460633,2
-6.86249817214646,-9.46693212050952,2
2.68738137896453,-1.67778801165207,2
6.39882281139624,6.94804999770415,2
9.59908244709692,0.422947650947407,2
-6.7898331691466,-4.42680599900963,2
1.31431283608859,-5.99444752027664,2
8.87040643735508,0.247065508409252,2
12.982019172387,-2.89633590915048,2
0.900597314194169,-2.27499941049084,2
3.78125400146506,7.35079077397215,2
1.52025351548742,-6.50018000039034,2
-0.767912891003632,2.22043021777767,2
-1.01281344241014,-4.57790021038802,2
6.4847088863649,2.34116119122563,2
4.54337364427569,-2.13190760005468,2
0.708951038948998,5.73824756141782,2
3.31356392781849,4.36500354412509,2
3.66114676586004,3.16800059395545,2
5.23493469984403,1.19499697742234,2
8.5007472980726,0.279861895430868,2
6.3395733739221,0.437544738063676,2
-0.765843235496257,-3.86372348922968,2
11.1548972822425,-0.806715048606119,2
4.0646073056942,0.622585841661231,2
5.49301968045183,-9.2025688697244,2
12.4382763696992,-3.95153143291324,2
-2.82942434905414,-2.41164779581571,2
-1.16360301941405,4.38019641812909,2
8.06866381066728,-5.4090894598579,2
0.84371985326978,3.07103056396627,2
5.19719230172151,-7.85022779446663,2
1.86571292935005,-10.4876011420059,2
2.82976681168289,-5.58665093767898,2
5.49675760880664,-1.61120721310743,2
2.48490673485024,2.3857469832946,2
1.90301575168309,-8.56125460955771,2
5.35873144535984,-0.354989380386294,2
4.06589068851716,-7.51477512364869,2
-0.994011004945065,-5.52023162115739,2
0.0613696128603016,3.4373167982844,2
8.98767980978466,3.76290947016795,2
2.93709856812988,-8.20599234932198,2
0.616778550935162,2.75214301988243,2
-1.344697479161,-11.7025019821963,2
8.65571241772484,6.32521533387434,2
14.9577194535058,3.39921328857318,2
-0.128168091273435,1.79394383890545,2
-3.84349947748,1.84588711883999,2
-0.724403554544444,-8.70675546809926,2
-4.92209582951641,-2.1268232815287,2
7.85892277455157,-2.43375298863996,2
0.687349530817988,-6.09186194004711,2
-2.58002660134507,-2.87966444198511,2
0.0522731530476293,-6.7604392325266,2
-4.83488269020872,-7.77245421103709,2
3.78295345134682,3.98123558674648,2
-0.847565292584569,-5.21685788929544,2
8.71979584277335,5.61078527966926,2
2.66783899756896,4.86558775216189,2
2.10670333420514,-5.67084315229926,2
10.7842807034752,-0.125371685722909,2
9.44529559517073,-3.16013518791255,2
0.517914301946057,-0.669386606132523,2
14.7278217827663,10.4246137325988,2
2.16815796184701,-1.20461344650084,2
-4.27521023725674,-5.88176361527397,2
0.218105822582409,-2.71699166737135,2
-1.86796961410441,-6.14990054103063,2
-2.29673042834987,0.787051947047055,2
14.6121290926216,-0.935600045989881,2
-1.62068262527903,-6.88997978784278,2
-4.14091729184957,-2.84267538276866,2
3.66942705648485,2.54005838315456,2
0.665261968789818,-2.39176447667111,2
5.26730969374657,-6.23592645734825,2
1.96749183029156,0.579472309162925,2
15.1570824819768,-3.03386659807772,2
-4.86010142385591,-6.01898750475743,2
4.91852239185085,1.14793621727665,2
-6.38535794900564,0.730026522099031,2
5.78402789451326,-0.742272863851524,2
4.05252936741535,-8.16362640167141,2
7.84363283575503,-2.41858869322336,2
1.31528130785752,2.49743178664848,2
-0.218996747702167,9.91125660559997,2
7.52273417101873,-0.0825960397621937,2
5.99360630291521,-8.82216332015252,2
-0.312709938136626,-3.19549722823617,2
4.73881150680554,-3.85555233483624,2
-0.968040094144294,2.56484735137748,2
1.07080948241927,-1.01164061262656,2
-7.6624273119395,-3.84296759257194,2
1.23685902281281,1.44435563246622,2
-5.21181616995982,-7.6052045889588,2
0.939040551533363,-6.67994758735107,2
-1.3647661855812,-2.70601319016392,2
4.04129487167993,1.69783696323862,2
5.92769820263948,2.03235563446609,2
-3.72003074087278,0.311526202283847,2
1.20112256937426,-6.67500785050985,2
8.05093665176227,-1.7843660620384,2
-0.453827918250965,-6.86352643349765,2
4.88647163395992,-5.68846162016956,2
6.52785334679308,-6.29828546012249,2
3.42122883140349,0.155962736357452,2
9.05727531386202,0.534656491325217,2
3.90705604874942,-2.44902005691324,2
-0.537785120340535,-10.7437956613843,2
-0.351833372572042,1.32052236837703,2
4.03304055412568,-3.2061883327144,2
4.62539579783298,-3.84373341815771,2
-0.0940761503179561,-7.46013544647575,2
4.67261351370754,-4.14955598545819,2
0.225278427338499,-1.34643086668195,2
0.748096939398582,3.75564995539776,2
3.51480100981122,-2.4258268285023,2
7.24235014258123,-3.3125591723928,2
-2.09679161981155,-6.04007179959844,2
1.2315704360927,6.58533808779841,2
8.04074642733484,6.26028329275576,2
8.75134457622242,-6.43279269385358,2
3.83439660072232,-8.40301198813746,2
-2.67659831124196,5.77131788703512,2
3.27229609900306,-7.77668670719759,2
4.93809902362956,-1.54082021692173,2
-1.84140951599939,-10.3246544416345,2
-0.990432417566717,0.165518988604797,2
-4.19070938657739,-3.15900060287461,2
0.10424637067152,-4.50809826389057,2
-5.67323628702787,0.309379892126087,2
3.93624162368063,-2.48323276455924,2
3.39339359615486,-0.828722376428508,2
1.68580181353566,-3.27559218267975,2
-3.2995661894003,1.32796951014576,2
2.72949667020903,-2.966743395442,2
8.55698743346323,-1.6483405572043,2
10.3739804550331,-2.68401300735567,2
-2.97939383016697,0.959830959027564,2
4.81698309229333,4.15239833429062,2
-0.196378727848813,-1.74616191118079,2
-0.849223403532099,-5.87433719252298,2
-4.4604905529076,-2.19673886399905,2
3.60808138526911,3.86724639128061,2
0.112478255936118,-2.78952504117858,2
2.48775845703249,3.68192179263533,2
6.1240460045729,2.71984475007402,2
0.710070583077917,-7.4420015091182,2
2.62896293410209,-8.37948098954028,2
4.34661472127024,-2.48606557461683,2
7.51742189114905,1.29137400500214,2
0.637519574495502,-5.36254479694514,2
-4.40141734115015,-4.4953795818172,2
5.59324137890393,-1.63392819495018,2
9.03222076177165,-4.827435073661,2
-1.10498731012182,4.66924187107074,2
8.74648646249052,-6.59275612543293,2
-1.81809629514625,-5.61412488288397,2
7.42223075310463,-7.07261302735744,2
1.40301072300595,-7.41290865426417,2
12.1899029076703,-10.0182799597153,2
0.701603721233664,5.86312041624006,2
7.10481351731043,-0.319069717571103,2
3.58757889632837,0.13276705619963,2
-1.17832816255005,-0.445354066669447,2
6.17969286199074,-0.259217364324221,2
1.06802667871555,-1.49682867148125,2
2.6204303499089,0.709601647465417,2
4.47449991908134,-4.55735503722327,2
5.2799833039056,-1.88603879126174,2
-3.75890638814694,-4.66707470972326,2
2.99916907275696,-10.2682078187909,2
12.5687614110612,-2.81488198436026,2
-5.44434498869268,1.20307643385216,2
1.72417919760149,-0.280578002124264,2
-5.69279003977887,-5.26520664839915,2
2.63423678815231,-2.31730956836738,2
-3.21449982091483,-1.80820651085715,2
4.77320458300281,-3.90825606245765,2
0.792407519665732,-0.556196053875829,2
3.68708879023097,-1.59909380002974,2
8.19933758996996,0.0668966602110244,2
5.13319507152851,-2.63026091517862,2
0.854508225280411,-2.79066908886094,2
5.11882623739185,-3.24323078127484,2
-2.91834841801204,-5.2682670783684,2
-5.02877951334577,0.0785420911218462,2
7.32748477500192,3.08665461965883,2
4.18210352905499,-1.00078108293314,2
7.44347934100588,-7.2276531929297,2
-7.91855406041165,4.35234678638591,2
3.62055875926688,-9.42151846744757,2
-1.98479680337292,-6.74095290138536,2
3.02779843181307,-0.249592112625469,2
2.65113740984998,-6.7702790814616,2
8.89796634111397,-3.65586710588424,2
0.653274126927716,-0.772864592690427,2
5.708546479569,-4.29171810541437,2
-8.33901113725923,3.23882228040877,2
2.60297588853246,-4.68647111921096,2
4.36313762482807,0.0534131160017637,2
11.5941124187965,-8.37464804501248,2
0.397734098191357,-5.2640335741426,2
6.54058823739892,-1.5929155605122,2
-1.8660883754347,0.838433196445678,2
-1.20380222133295,1.21981857932517,2
3.74392497066541,-7.86799729481977,2
3.73876339938811,-1.10590641534585,2
0.339838523761848,2.37933042285932,2
5.66191530239411,-11.5332179389327,2
8.85175339539657,3.5265522652867,2
5.45991139804018,0.240537467690466,2
-3.49985682978593,4.49604600779673,2
5.6666540851313,2.44542043113721,2
3.79239817499994,-0.399573333135339,2
3.58505635010011,1.44441772496112,2
14.3829186096149,-2.32404898993943,2
6.34929548498384,-3.23904384732933,2
6.83194035052895,-0.524195192413735,2
-1.95783859833542,1.09696739570563,2
-1.80964509770749,-9.31976382067267,2
3.40539041578873,1.06339155744322,2
0.813437802609203,-4.98309846236225,2
0.732259856033216,-11.5408530986452,2
-1.54469385288671,1.30598919724665,2
6.30413487650312,-12.4451605150106,2
3.79905726988868,-6.06920572666274,2
5.10037147513148,-1.89839505423505,2
7.77913095992995,-4.70067873178373,2
1.20005127862608,-6.63002919066082,2
7.14409761233725,0.0336315652943906,2
7.40893019930581,0.191541588860496,2
3.66345353318785,2.61803943229336,2
0.268805070837784,1.30874719778929,2
0.0319513154013529,3.67253870500431,2
3.74152603387379,-1.36313535214731,2
4.05612232012704,-0.383479762387387,2
-5.2615682545872,-6.78111425305398,2
1.20172524679957,-3.88259728438905,2
-0.170623655786502,-2.28379215632452,2
9.10991560624638,-5.83320852229817,2
-8.61467551391297,5.56632022493634,2
-1.91482761003147,2.54293517003331,2
-1.26003399168934,2.36957899439192,2
3.72554954853828,-7.78512960929449,2
4.05003500294575,1.44785813704203,2
9.69809412147737,-0.832210852175655,2
0.702513343396864,3.63204240897957,2
6.08164896481285,-2.24846661206255,2
-5.47126651774531,2.02913760205904,2
-0.416288379247595,1.9159997801119,2
-1.36342789379764,-2.12413260317101,2
-1.91553937542687,-1.98292831345633,2
4.98985542424403,-3.34667501124287,2
6.09331599932912,-4.30180852160371,2
-0.293452717860654,-0.337367484427877,2
1.64271198388154,-9.59400604063674,2
4.05596925030613,-2.54020144353712,2
4.01432803798735,0.207647673652712,2
11.4564672704859,4.11569636015741,2
6.70646871185223,-6.10023840809594,2
7.10510426659202,0.877828558892913,2
0.635268269099006,0.551750106559091,2
-3.62633032810715,-3.95226004911519,2
7.0552294550185,-6.12841742498948,2
-0.0148883036278784,-3.41359933546206,2
-0.259937829930317,-4.19979341414681,2
2.20298581922507,-6.06971433859323,2
-6.51762749063572,-5.82277482634359,2
3.07344629390148,-6.50550006418356,2
10.0389029369478,5.39422634587849,2
0.856889996221864,-1.75626115548259,2
5.818741313943,-2.48942077547758,2
17.4474615859456,-1.86071535858908,2
0.900661493248764,-8.12509295178939,2
5.63075437269339,-3.4569584843613,2
-0.865880001331616,-5.43376285337415,2
10.1030416962719,-2.76840220045985,2
5.74294557265418,0.919395580063433,2
2.67827918645284,-6.26365607371335,2
-2.52022109573048,2.95482465500658,2
0.282756835140756,-4.75414265085479,2
-4.9691925553652,2.51764207768526,2
14.3003252115304,1.1334423854808,2
2.59291601413593,1.92751578008261,2
0.93485201696964,0.424216505499081,2
9.13110464856353,1.18263139888175,2
2.91961133982149,-4.97011420263873,2
-0.760734791857476,-2.91009316090978,2
3.96086336585314,-10.4765793423526,2
2.25705526486286,4.19905853042078,2
-4.59759193355268,5.76059734835369,2
-1.78149588507101,2.87238521630021,2
-4.01430478122957,-2.0360518288234,2
1.3993091123448,-2.41884867644176,2
3.39654453217601,-7.92484655628275,2
-4.0792211196207,3.99147270181666,2
8.82068195870767,3.74116268386689,2
0.096224597383098,-9.0852872016111,2
4.00003269491272,-2.23662755747377,2
6.68040520923543,1.78543845123689,2
0.103819530410578,-10.0478279017037,2
10.1753195987317,2.09151733095233,2
2.31828879458398,0.436945703059896,2
-0.39130192167419,-6.07471533861746,2
-0.824119434634017,-6.16566867930269,2
11.9143855039919,-2.78541927546488,2
2.3378396735827,-5.30976343730092,2
2.45161508224972,0.359739544030495,2
6.75222808017365,-3.96019679907851,2
2.18664337126607,1.38295266323922,2
6.63270436683996,-2.32045185769238,2
-4.39072575622382,-2.25729658315182,2
0.732930290360384,-1.80117276093047,2
-0.838969574340121,-0.788480611760289,2
5.59836222142509,-0.484605890138686,2
2.14558653041841,0.146468315787815,2
7.40404539983382,-6.71236234485202,2
-1.43451302658689,-13.0268512083286,2
11.0423384635831,2.7891183850095,2
7.11429934710524,-7.89178256310589,2
9.4006538345391,5.13165603762434,2
4.60118374560566,5.63191870252425,2
4.5922828385151,-3.46785726196284,2
10.0894117231263,1.72474444788684,2
7.8010178219432,8.52326463715669,2
11.9701475077514,-1.72419022460063,2
3.16644624749383,1.44061197472105,2
7.18177269050671,5.15405819811051,2
5.98257561137244,-8.50542109546721,2
0.515971567946457,-8.42686965123261,2
5.33334740920737,-8.55290226573692,2
1.04037651387378,-3.16657044307238,2
6.78329285554141,4.16197114565906,2
4.80386498666411,-5.52490476394865,2
-2.22837034444197,-2.40368328564889,2
3.37759911183241,-1.93962656078566,2
0.828956571312378,5.43380916722135,2
0.175637239821019,1.63998171970027,2
-3.12935774049968,-3.15067752075103,2
8.80398527584741,6.16197319386092,2
1.97162092119134,-2.37265255363583,2
10.0936923187005,-5.00883827531643,2
2.32464733831919,9.24144084333067,2
2.19209074617149,-8.85065228434968,2
4.80576624819627,-1.56566132415652,2
0.50642129319831,-4.26318504056113,2
1.45829918676253,2.90214475027073,2
-6.15589184999271,-5.26035714989773,2
7.75292187355556,-4.07262586926033,2
1.2637472870806,4.35948105825073,2
5.44444396159361,-4.33576480445629,2
-1.68635893300074,-1.83351181649104,2
-0.562262283972939,-7.10142157062017,2
9.25320283724966,-0.646476885373249,2
3.8181166932148,-7.46102530899277,2
0.529959337067087,-7.1472722334731,2
4.72193794042613,-4.29348129581697,2
-2.43732759006543,-0.966200148050445,2
-0.00165130283220583,-6.76424133919705,2
0.48790217811579,-0.100582837001612,2
5.09612077359548,2.42574010776336,2
16.8110343449518,-5.83446987275602,2
4.67720216791967,-8.883636816263,2
4.36858600556685,-5.45910082921058,2
10.1844349792474,0.498399281343291,2
1.85463976334242,-2.08574607219582,2
2.94240356681284,-5.18975826413509,2
-3.43403341917601,-4.19512979260673,2
1.59395525519065,-6.39248155591105,2
8.20303904840108,-10.0503275601344,2
0.71479744861192,0.633935186458991,2
11.0021994398309,3.7181008113267,2
9.15426700636753,-11.5829640748475,2
2.14134329181293,-6.5900658208429,2
6.06246744569652,-2.63649161930324,2
-2.22356811009715,1.4596196053916,2
-4.84532246865797,0.546626667168096,2
-2.09253912108996,-6.14674433360704,2
-8.65812887320125,2.80987980875264,2
-7.58173223219116,-5.1305790260136,2
10.3039857725292,-4.52842981836134,2
-2.23468957176162,-2.4296943635856,2
6.23882127830399,-3.83722006810299,2
-1.83905093752001,-3.04576989826293,2
9.99034095435512,-5.92189754291476,2
4.92851283220351,-13.3444414182031,2
-2.289562174691,-4.05399046547852,2
1.29792070550391,-8.95433250076616,2
6.15239604003909,-4.35019076090392,2
1.12424314021749,2.94567421154222,2
-4.4134552898984,-1.98467027683115,2
-6.42893339905977,-7.19011403339659,2
0.203882322228866,-7.2262444436033,2
2.38544625226255,-1.96504488726559,2
-2.84382680926247,1.51380304084619,2
7.49305900451102,-6.99839733695933,2
1.73890388193541,-9.8965724548078,2
6.2896299183168,-4.2446149874302,2
5.4220304343816,-8.37550684171843,2
-0.868676847878941,-4.98050141852561,2
6.82468560421819,-1.84882091862027,2
-0.0151159266185701,-6.48766583138228,2
5.59490375368866,1.6403903480891,2
3.16924229276232,-5.65574221659766,2
2.30768607638579,2.14154282939998,2
7.82115309999463,5.68309531925177,2
6.87578967830093,-4.94024801045845,2
2.90541999031926,-6.32355929446451,2
-0.368173913804987,-5.87367759808079,2
5.67956396490315,0.724123499402983,2
8.99184644870276,1.67767821888804,2
3.06739950499657,3.1384131401313,2
-1.67150274119252,-5.10926850028299,2
1.09813700343482,-3.69133968566501,2
2.96621755378512,-0.22728723154659,2
1.81826024719388,-2.70143891339151,2
3.85698086985123,-1.86507964617783,2
5.73214197064811,-9.87306928703192,2
1.74312931426176,1.23831237715699,2
-5.94839805660457,-6.35010936948829,2
0.63750479096012,0.268991538817202,2
-1.7943421239471,-0.372779003638686,2
3.33282406321312,-1.18215924416282,2
5.14672798462149,-4.57659007885841,2
2.30614946868941,6.82456059048842,2
-6.01555056995915,1.66062728557832,2
7.83265471372631,5.72875523351995,2
-5.81494577558334,-13.8481641706089,2
4.47935160342975,3.531101648589,2
1.69468131313209,4.83765749926182,2
9.71009808818991,-1.28993593474708,2
-2.86434731866539,0.448368282541669,2
-0.427679382360752,7.51357498654201,2
-2.38037263571992,-0.644246089544158,2
9.82319739147661,-1.71500176663496,2
4.40917590189199,-5.98896232213069,2
-1.73235919869589,-11.0816818296832,2
8.55979642018142,-1.12424698547912,2
7.87388099846213,-5.84146863628637,2
6.5469207791087,-0.590916792003624,2
1.41043535900855,-4.25826533224686,2
2.5340004643236,-2.42798896945938,2
1.30957753170358,-1.38907081429493,2
-0.701739266684091,-7.60255710172345,2
2.584732933541,-4.63479252821855,2
-1.22217460479328,7.70803128075261,2
9.59946289296778,2.02144014191089,2
-3.4617804454305,-9.08608170313162,2
2.10253423809254,0.401860725051144,2
11.4212591948154,-0.83518986655002,2
7.95248101859546,0.886529958693198,2
4.82438255436677,-3.84856883971677,2
-1.25203756275738,-1.68741086114081,2
8.32772021711212,1.31492098169181,2
-2.76223261396926,-5.48372561621018,2
-1.28071460043652,-4.4873040627708,2
3.60597631995997,-0.649388549533715,2
9.6074830391535,1.47342775479614,2
4.51324030537238,-0.608464240563809,2
3.99906245651581,-0.848360473805916,2
-2.38914671209819,2.95775161263218,2
3.85372447320395,-8.5799321377416,2
2.49208277434354,-9.1638820524386,2
2.88167906434978,-8.47640726152633,2
2.35229564625413,-5.51973668471825,2
3.72192484042262,-4.54521457936612,2
-1.08746639609693,-1.59431926872319,2
0.469019888848661,-2.56960422046872,2
1.22201783972467,-2.04751508673894,2
5.24962494238873,4.00552518009945,2
7.67027969318624,4.17548174661271,2
11.7327197409928,-0.897936529046468,2
7.44882149917104,-5.13292103654283,2
2.08739115136752,-2.35016635955234,2
2.22872800570481,-3.82929162407806,2
-0.302555364586117,3.46874133174719,2
-1.68337009765216,-9.34990994665624,2
-3.58008379995987,0.351014903481955,2
7.65253839056366,-0.513763558561668,2
5.54988982999208,-0.819151360523854,2
-2.99189645377026,-2.85115055050996,2
-0.872728126174082,-6.43859024212202,2
-0.617940788122923,-0.341211790495831,2
4.3088673507779,-3.2810974473405,2
0.602662029651765,-6.14681914962021,2
-5.1731930563708,2.26854863558509,2
11.952741660831,-0.493121950653457,2
8.90180384824414,1.63196031268187,2
3.54510287888769,-0.151709690933999,2
2.89097846093012,-3.58276789361828,2
3.51869540648333,-2.99134567794648,2
4.79264207913788,1.68931818414799,2
0.418058788579981,3.77088891290387,2
5.65698407116867,1.02320506482455,2
13.3638780472145,-5.9205286267037,2
-1.16095055370435,-6.22684246844256,2
-1.81208477102159,-6.98234000023249,2
3.00343491173195,1.04207825336684,2
0.631857156660268,-3.762965890445,2
1.87068163027349,0.228713418013479,2
9.44233559727353,-1.60154172208079,2
4.11962781726812,-7.7414876729581,2
5.79901339866833,2.70403789545857,2
3.15646730945787,-1.47878696991369,2
1.6673160166665,-10.0397134277497,2
4.54558906439208,0.03180502802608,2
2.13905471535141,-5.43960773597878,2
-1.59412032548004,-2.89745451643602,2
-3.63225141834921,-9.24026386084322,2
10.2204943552213,-0.715787554953517,2
4.15666062908931,-1.06591801571256,2
2.12492659967909,-0.629444323529388,2
-1.37247262062439,-1.86717600071794,2
-5.70757317302853,-2.34501543305047,2
4.29352814546291,-0.634959136027883,2
3.64221449117802,-5.99097944684842,2
1.91837504709282,-5.01965704329559,2
10.1597589996558,-10.3486165066518,2
0.291496625823666,-0.773795793737686,2
0.140537536554629,0.987784768403227,2
6.33107109689043,-3.28347371894477,2
-1.20863361250559,-1.95529278235972,2
2.07098954668292,-3.67897198394756,2
-4.37631801295127,-10.5138403253103,2
6.02000998837376,-4.25870067122913,2
4.63796483090785,-2.02818857043393,2
1.91550404029774,1.51282204764866,2
-1.35409380885862,-0.936025090222937,2
3.87622379506204,-12.7310045071819,2
-0.529015988270301,0.186565986753079,2
4.95777800105004,2.09390610661691,2
4.52481504389093,-0.836830020776726,2
2.52715094581454,1.61225032594528,2
-1.26639886724558,-4.85422188853437,2
2.1977913286348,-3.68395456916533,2
-3.70601242070794,3.06025800101419,2
-2.50752169740883,0.208822320523955,2
7.70829498400802,-7.41618904412509,2
6.24288173420253,-1.81153306958485,2
2.27961281597278,-8.02233137998537,2
5.28617367738802,-4.72707243743286,2
3.27699498777931,2.89052508192944,2
13.6559334960878,-6.44730303692155,2
0.639916371555417,-4.66701243160444,2
1.00771249930717,-2.39207525543689,2
10.9942956484687,-2.22761736401292,2
0.125538295789864,-0.587301988195562,2
-0.699544555216653,7.16049322889928,2
0.19115227785339,-0.507555176674146,2
3.57648272432966,-3.42441608699866,2
3.95270340712463,-3.78810584247158,2
7.41424551858139,2.66056649111833,2
1.82979875960195,-10.5519303727302,2
9.9457728425953,-4.93795137028013,2
0.332248304207056,-7.11188886181016,2
1.12713851923278,-0.0657122816749351,2
5.25920577811691,-2.92013442742868,2
9.18630531823829,2.17441442038467,2
4.7971835382564,-2.0993779121986,2
-1.29448784691137,-6.44283471401231,2
1.33368961933458,-7.8489845741838,2
8.82118368308335,-0.59572743535293,2
2.23247061454142,4.51192402241607,2
-2.16343924831397,-0.134622715877296,2
7.50633901861054,2.0355381665363,2
3.93797324146443,-2.62976276511506,2
3.86146228335005,-4.34534558911556,2
-3.64987033065752,0.0413822692336123,2
4.25334979526258,-0.505630092205239,2
10.2110359353101,-7.66454135835332,2
-0.726109812699479,-7.25204909760393,2
-8.15584015198075,-2.87863891512836,2
5.28364306817941,-1.16717264765242,2
1.30967167800163,-6.65060003532057,2
5.47985776404425,-3.48849323200058,2
12.6324008562453,0.662817814536066,2
3.10546790546093,-0.797846143716319,2
4.16447007250543,4.35892055545942,2
4.25418566726664,-6.00907467653544,2
7.31740062584014,-8.38499991525867,2
1.63809364854767,-7.31746989723777,2
12.1218022629094,-2.67138975906811,2
3.46803351719603,-6.12141153653853,2
6.25065953119005,-6.88039501002424,2
6.27648546441148,-10.4334979134273,2
3.42086774118364,-9.75015556778983,2
8.17629524400113,1.35325627969986,2
3.97267954292529,-3.24780219904964,2
0.447915516721935,-5.13235251292437,2
1.37000984558033,-5.04227872443679,2
6.10545324484068,2.3994902509141,2
2.77074713928693,-6.85245921717472,2
-0.936954485351349,-0.447062093136698,2
4.96162862220315,0.814591462849985,2
9.44606817592502,8.82616008186311,2
-2.22613547601194,-2.169211174084,2
11.2791132822299,-7.3586465368969,2
7.5846832675422,1.93429244569655,2
2.06503189123452,2.19509183133819,2
7.62691496193929,-2.4727612918338,2
4.41693752786811,2.20506411506383,2
2.35879342941408,-3.77442782375341,2
5.45857653909927,-5.52781967645391,2
1.94558972139558,3.23165122099192,2
1.46486742338811,-1.5036131809502,2
1.86776544360017,0.24637416996539,2
-3.07376057913862,1.41780270675469,2
3.64618823307256,-9.34739115648044,2
5.04141245211793,-3.68852771448749,2
-0.226089287812487,5.16897026609916,2
7.52885403647238,-4.56327554481424,2
6.80523816240728,7.08564992105739,2
1.00047399666709,-4.35446363939104,2
12.535258235565,0.902683205999549,2
1.57089509235648,7.24857056358531,2
3.43906282862626,-4.80909106593892,2
1.09444368043199,-3.90830794148959,2
2.52095833522932,-6.81186727588879,2
8.44504393901193,-1.88386838230674,2
8.87355719734793,3.98150919607062,2
-3.95204606567996,-5.75966138226071,2
0.213672980460154,-6.60838095393367,2
-1.72034806485402,-6.31788001544231,2
1.50308975801328,-3.41997220768126,2
2.7278630615366,-5.2411539197777,2
4.95242158628916,-2.69213651078686,2
0.414854716512945,-9.13610409352739,2
6.31911805030342,5.65166204486147,2
6.17452629099832,-6.97547794508996,2
-2.64835723416799,0.481677481536452,2
-1.80358704454946,-6.36602597337259,2
4.31225413006846,-3.19881735920663,2
4.84502784746179,-2.86357851743036,2
2.13578906751971,-0.408618940036431,2
2.76745684862305,-9.73036558295597,2
0.838172195101563,-5.50478885028413,2
4.95483321687157,-7.13322790981752,2
-1.01331087663739,-9.1861149364639,2
1.57102219426142,3.35232090786531,2
-1.7254069780976,-1.60978184885008,2
3.58703407951314,-4.11164318608205,2
2.14453077405268,-1.80489636745964,2
10.627662082482,0.340605847382267,2
5.30034448228421,5.90451232899798,2
6.90782116836638,-5.06148171334852,2
-1.71866246496222,2.5384549193296,2
-4.70318506230412,1.45384732125611,2
5.51383693853591,-1.02237667446347,2
8.82578505852312,-1.88620441658191,2
11.3007362149904,5.16185770117216,2
2.94491930752288,-1.92839697767502,2
12.446874584281,-1.58934002049568,2
2.66408211852692,-4.29542015531874,2
3.54874204438201,-6.63604074037166,2
3.96358262129902,-7.80965750911319,2
7.46401808184193,-5.16968495039813,2
0.696626842671697,2.54301666145965,2
4.15930621282877,-3.86766098064576,2
2.56678705763814,2.46130818138936,2
-2.65309817615761,-0.0753511412208134,2
1.47388329669727,-0.742224318553351,2
-0.829179754397898,-3.38686312054087,2
5.64659764237283,0.19352692110882,2
12.0106260625823,-3.07926980475391,2
-0.812691053860887,-0.126717770871407,2
3.2055404728949,-9.23689802623571,2
-5.70016137901657,-1.79294930511399,2
-1.47434447335901,-14.8792883856649,2
10.066649525924,3.24505356399337,2
3.81213614224996,4.12553468210646,2
0.081552697647707,-6.75374610554183,2
-2.09064610115569,3.99637322765335,2
-0.264972062029273,-5.41527157536845,2
4.90802452466997,-2.66778882257845,2
11.5387045669498,-4.32760672147653,2
1.6271456180569,-1.16084608585223,2
2.44513034865414,-1.35339466388538,2
7.64241056253379,-12.1806234313497,2
-0.0381974873199589,-2.3834558452655,2
5.81109884485745,-11.4457796844217,2
-3.39224295237203,-8.53255470476257,2
3.85733469906374,-0.0668831686665785,2
2.31414471887235,-2.98729979140195,2
6.58693246899442,4.321090427382,2
11.601413593697,-3.94712589654432,2
3.2341077824843,-7.06135786749605,2
5.62874985293191,-2.91132865122045,2
12.9640809469912,1.99550397273925,2
2.62137355604182,-1.88384177083368,2
0.382538435427974,-1.02955404242388,2
5.8212821387796,-7.79958696532331,2
-2.56707796992787,-0.247580340034138,2
-1.42698817713745,-6.26926304243642,2
12.5318058627848,1.41691785973039,2
14.022318552652,-5.33168453473412,2
1.87500785439642,-2.85139059783585,2
-1.00720592967843,-4.62639837522369,2
4.62397045574494,-7.36888542978245,2
6.07234141390967,-7.86067599962765,2
3.88181105602256,-2.2362516421934,2
0.800076978246014,0.886504087801258,2
5.84422600990378,-0.826201553611127,2
7.98480380583959,0.490915049377968,2
-12.8463582566992,5.75887398324454,2
-0.157421181644473,-3.76789676487717,2
-0.922656237399971,-1.52378905439377,2
4.92285767135114,-5.75396440145658,2
4.29517299954286,1.74256877300233,2
2.55067255685426,-0.802919657733479,2
10.7472445337529,-3.01802766952702,2
6.4588704578609,0.143977914247826,2
7.1742994743211,-0.202615267077738,2
4.70333172454926,-6.48495140763488,2
3.51727979220922,-4.09962493839034,2
11.0065783361109,-7.01064407892193,2
3.11522219493747,0.46032739893541,2
4.44885972289279,-4.57255728295271,2
2.43778460208182,-3.01610894944699,2
-0.906883486775557,-1.22558630336963,2
2.66560150400989,-7.43400419855428,2
-3.64673990642883,1.6099178311495,2
-0.122961417350339,2.98823684954722,2
4.60442958549161,5.13836680551662,2
10.8323946976005,-2.71269717096597,2
5.63028089429833,1.06589331112641,2
1.75420985985144,-1.2217883381417,2
1.9987351403498,-2.01693214869583,2
4.20305774865361,-2.51822147208739,2
0.579294284126147,2.2819246549651,2
3.4851673726943,2.10145571453666,2
3.61087576331959,-0.881388342131631,2
0.201521985197705,-0.747860729079211,2
-0.520992310396192,-0.110164504673302,2
2.77313872667545,-1.19725690540944,2
